ticker,flag_date,signal_value,max_drawdown_30d,outcome
SPY,2001-10-03,0.3285,-0.0144,false_alarm
SPY,2002-07-10,0.3015,-0.1321,hit
SPY,2002-07-11,0.3026,-0.1391,hit
SPY,2002-07-12,0.3028,-0.1296,hit
SPY,2002-07-15,0.3048,-0.1342,hit
SPY,2002-07-16,0.2859,-0.1172,hit
SPY,2002-07-18,0.2915,-0.0894,hit
SPY,2002-07-19,0.3079,-0.0562,hit
SPY,2002-07-22,0.3163,-0.0274,false_alarm
SPY,2002-07-23,0.3177,0.0478,false_alarm
SPY,2002-07-24,0.3976,-0.0112,false_alarm
SPY,2002-07-25,0.3963,-0.0027,false_alarm
SPY,2002-07-26,0.3976,-0.0214,false_alarm
SPY,2002-07-29,0.4431,-0.0668,hit
SPY,2002-07-30,0.4438,-0.0788,hit
SPY,2002-07-31,0.4388,-0.0811,hit
SPY,2002-08-01,0.4461,-0.0564,hit
SPY,2002-08-02,0.4209,-0.0348,false_alarm
SPY,2002-08-05,0.4327,0.0337,false_alarm
SPY,2002-08-06,0.4507,0.0042,false_alarm
SPY,2002-08-07,0.4405,-0.0386,false_alarm
SPY,2002-08-08,0.4557,-0.0687,hit
SPY,2002-08-09,0.4544,-0.0795,hit
SPY,2002-08-12,0.4545,-0.0876,hit
SPY,2002-08-13,0.454,-0.0707,hit
SPY,2002-08-14,0.4724,-0.1035,hit
SPY,2002-08-15,0.457,-0.1157,hit
SPY,2002-08-16,0.4341,-0.1187,hit
SPY,2002-08-19,0.4182,-0.1388,hit
SPY,2002-08-20,0.4033,-0.1296,hit
SPY,2002-08-21,0.3594,-0.142,hit
SPY,2002-08-22,0.3553,-0.1605,hit
SPY,2002-08-23,0.3664,-0.1598,hit
SPY,2002-08-26,0.3305,-0.1656,hit
SPY,2002-08-27,0.3321,-0.1668,hit
SPY,2002-08-28,0.3427,-0.1482,hit
SPY,2002-08-29,0.3276,-0.1486,hit
SPY,2002-08-30,0.3155,-0.1452,hit
SPY,2002-09-03,0.3213,-0.1113,hit
SPY,2002-10-02,0.3182,-0.0607,hit
SPY,2002-10-03,0.3186,-0.0511,hit
SPY,2002-10-04,0.316,-0.0334,false_alarm
SPY,2002-10-07,0.3171,-0.013,false_alarm
SPY,2002-10-08,0.3206,-0.0282,false_alarm
SPY,2002-10-09,0.3302,0.0324,false_alarm
SPY,2002-10-10,0.3553,0.0438,false_alarm
SPY,2002-10-11,0.3934,0.0056,false_alarm
SPY,2002-10-14,0.3941,0.0227,false_alarm
SPY,2002-10-15,0.4235,-0.0242,false_alarm
SPY,2002-10-16,0.4315,0.0198,false_alarm
SPY,2002-10-17,0.4252,-0.0001,false_alarm
SPY,2002-10-18,0.4252,-0.0043,false_alarm
SPY,2002-10-21,0.4262,-0.0212,false_alarm
SPY,2002-10-22,0.4218,-0.0141,false_alarm
SPY,2002-10-23,0.4152,-0.0215,false_alarm
SPY,2002-10-24,0.4206,-0.0011,false_alarm
SPY,2002-10-25,0.402,-0.0215,false_alarm
SPY,2002-10-28,0.3998,-0.0151,false_alarm
SPY,2002-10-29,0.3704,-0.0035,false_alarm
SPY,2002-10-30,0.3512,-0.0131,false_alarm
SPY,2002-10-31,0.3513,-0.0029,false_alarm
SPY,2002-11-01,0.3454,-0.0223,false_alarm
SPY,2002-11-04,0.3311,-0.0315,false_alarm
SPY,2002-11-05,0.3296,-0.0391,false_alarm
SPY,2005-10-24,0.1469,-0.0155,false_alarm
SPY,2005-10-25,0.1469,-0.0135,false_alarm
SPY,2005-10-26,0.147,-0.0106,false_alarm
SPY,2005-10-27,0.1467,0.0144,false_alarm
SPY,2005-10-28,0.1568,0.0028,false_alarm
SPY,2005-10-31,0.1572,0.003,false_alarm
SPY,2005-11-01,0.1529,0.0105,false_alarm
SPY,2005-11-02,0.1495,0.003,false_alarm
SPY,2005-11-03,0.1489,-0.0013,false_alarm
SPY,2005-11-04,0.149,0.001,false_alarm
SPY,2005-11-07,0.1447,0.0,false_alarm
SPY,2006-05-30,0.1438,-0.0282,false_alarm
SPY,2006-05-31,0.1474,-0.0389,false_alarm
SPY,2006-06-01,0.1521,-0.048,false_alarm
SPY,2006-06-02,0.1516,-0.05,false_alarm
SPY,2006-06-05,0.1546,-0.036,false_alarm
SPY,2006-06-06,0.1546,-0.0336,false_alarm
SPY,2006-06-07,0.1549,-0.0263,false_alarm
SPY,2006-06-08,0.1548,-0.0254,false_alarm
SPY,2006-06-09,0.1507,-0.0223,false_alarm
SPY,2006-06-12,0.1488,-0.0116,false_alarm
SPY,2006-06-13,0.1517,0.0078,false_alarm
SPY,2006-06-14,0.1562,0.0031,false_alarm
SPY,2006-06-15,0.1635,-0.0177,false_alarm
SPY,2006-06-16,0.1645,-0.0105,false_alarm
SPY,2006-06-19,0.1641,-0.0027,false_alarm
SPY,2006-06-20,0.163,-0.006,false_alarm
SPY,2006-06-21,0.1631,-0.0134,false_alarm
SPY,2006-06-22,0.1612,-0.009,false_alarm
SPY,2006-06-23,0.154,-0.0088,false_alarm
SPY,2006-06-26,0.1537,-0.0132,false_alarm
SPY,2006-06-27,0.1434,-0.0046,false_alarm
SPY,2006-06-29,0.154,-0.0309,false_alarm
SPY,2006-06-30,0.1538,-0.031,false_alarm
SPY,2006-07-03,0.1449,-0.0349,false_alarm
SPY,2006-07-05,0.1462,-0.0294,false_alarm
SPY,2006-07-06,0.1435,-0.0322,false_alarm
SPY,2006-07-07,0.1458,-0.0258,false_alarm
SPY,2006-07-10,0.1451,-0.0277,false_alarm
SPY,2006-07-13,0.1496,-0.0053,false_alarm
SPY,2006-07-24,0.1499,0.0036,false_alarm
SPY,2006-07-25,0.1497,0.0004,false_alarm
SPY,2006-07-26,0.1456,-0.0009,false_alarm
SPY,2007-02-27,0.1584,-0.0154,false_alarm
SPY,2007-02-28,0.1619,-0.0254,false_alarm
SPY,2007-03-01,0.1597,-0.0225,false_alarm
SPY,2007-03-02,0.1628,-0.0095,false_alarm
SPY,2007-03-05,0.1644,0.0066,false_alarm
SPY,2007-03-06,0.1784,-0.0104,false_alarm
SPY,2007-03-07,0.1782,-0.0094,false_alarm
SPY,2007-03-08,0.1814,-0.0177,false_alarm
SPY,2007-03-09,0.1816,-0.018,false_alarm
SPY,2007-03-12,0.1804,-0.0194,false_alarm
SPY,2007-03-13,0.1921,0.006,false_alarm
SPY,2007-03-14,0.1914,-0.0014,false_alarm
SPY,2007-03-15,0.1892,-0.0028,false_alarm
SPY,2007-03-16,0.1888,0.0121,false_alarm
SPY,2007-03-19,0.1955,0.0055,false_alarm
SPY,2007-03-20,0.1968,0.006,false_alarm
SPY,2007-03-21,0.2068,-0.0103,false_alarm
SPY,2007-03-22,0.2068,-0.0095,false_alarm
SPY,2007-03-23,0.2066,-0.0109,false_alarm
SPY,2007-03-26,0.2066,-0.0096,false_alarm
SPY,2007-03-27,0.1458,-0.0073,false_alarm
SPY,2007-03-28,0.145,0.0011,false_alarm
SPY,2007-03-29,0.1444,0.0002,false_alarm
SPY,2007-03-30,0.1348,0.0011,false_alarm
SPY,2007-04-02,0.1285,0.0108,false_alarm
SPY,2007-06-13,0.1314,-0.0213,false_alarm
SPY,2007-06-14,0.1312,-0.0466,false_alarm
SPY,2007-06-15,0.1321,-0.052,hit
SPY,2007-06-18,0.1289,-0.0509,hit
SPY,2007-06-19,0.1291,-0.0532,hit
SPY,2007-06-20,0.1389,-0.0399,false_alarm
SPY,2007-06-21,0.1404,-0.0538,hit
SPY,2007-06-22,0.1407,-0.0448,false_alarm
SPY,2007-06-25,0.1408,-0.0402,false_alarm
SPY,2007-06-26,0.1442,-0.0303,false_alarm
SPY,2007-06-27,0.1508,-0.0439,false_alarm
SPY,2007-06-28,0.1508,-0.0438,false_alarm
SPY,2007-06-29,0.1493,-0.0441,false_alarm
SPY,2007-07-02,0.1535,-0.0578,hit
SPY,2007-07-03,0.1536,-0.0742,hit
SPY,2007-07-05,0.1484,-0.0732,hit
SPY,2007-07-06,0.132,-0.078,hit
SPY,2007-07-09,0.1249,-0.0788,hit
SPY,2007-07-10,0.136,-0.0655,hit
SPY,2007-07-11,0.1316,-0.072,hit
SPY,2007-07-12,0.1328,-0.0865,hit
SPY,2007-07-13,0.1315,-0.0892,hit
SPY,2007-07-16,0.1303,-0.0891,hit
SPY,2007-07-17,0.1302,-0.0886,hit
SPY,2007-07-18,0.1303,-0.0869,hit
SPY,2007-07-20,0.1245,-0.0812,hit
SPY,2007-07-24,0.1349,-0.0678,hit
SPY,2007-07-25,0.1288,-0.0697,hit
SPY,2007-07-26,0.1473,-0.0472,false_alarm
SPY,2007-07-27,0.162,-0.028,false_alarm
SPY,2007-07-30,0.1733,-0.043,false_alarm
SPY,2007-07-31,0.1727,-0.0321,false_alarm
SPY,2007-08-01,0.1733,-0.0368,false_alarm
SPY,2007-08-02,0.1768,-0.0444,false_alarm
SPY,2007-08-03,0.195,-0.0192,false_alarm
SPY,2007-08-06,0.2069,-0.0354,false_alarm
SPY,2007-08-07,0.2066,-0.0455,false_alarm
SPY,2007-08-08,0.2115,-0.0587,hit
SPY,2007-08-09,0.2263,-0.0299,false_alarm
SPY,2007-08-10,0.2252,-0.0254,false_alarm
SPY,2007-08-13,0.2263,-0.0289,false_alarm
SPY,2007-08-14,0.2301,-0.0138,false_alarm
SPY,2007-08-15,0.2326,0.0075,false_alarm
SPY,2007-08-16,0.2347,0.0114,false_alarm
SPY,2007-08-17,0.2467,-0.0068,false_alarm
SPY,2007-08-20,0.2459,-0.0064,false_alarm
SPY,2007-08-21,0.2404,-0.0083,false_alarm
SPY,2007-08-22,0.2451,-0.02,false_alarm
SPY,2007-08-23,0.2305,-0.0191,false_alarm
SPY,2007-08-24,0.2229,-0.0311,false_alarm
SPY,2007-08-27,0.219,-0.022,false_alarm
SPY,2007-08-28,0.2295,0.0144,false_alarm
SPY,2007-08-29,0.2398,-0.0051,false_alarm
SPY,2007-08-30,0.2381,-0.0025,false_alarm
SPY,2007-08-31,0.2203,-0.0122,false_alarm
SPY,2007-09-04,0.2155,-0.0221,false_alarm
SPY,2007-09-05,0.2149,-0.0135,false_alarm
SPY,2007-09-06,0.2089,-0.0158,false_alarm
SPY,2007-09-07,0.1852,-0.0019,false_alarm
SPY,2007-09-10,0.1845,0.0117,false_alarm
SPY,2007-09-11,0.1885,0.0026,false_alarm
SPY,2007-09-12,0.1785,0.0016,false_alarm
SPY,2007-09-13,0.1696,-0.0054,false_alarm
SPY,2007-09-14,0.1689,-0.0054,false_alarm
SPY,2007-09-17,0.16,0.0154,false_alarm
SPY,2007-09-18,0.1879,-0.0136,false_alarm
SPY,2007-09-19,0.1882,-0.0194,false_alarm
SPY,2007-09-20,0.1882,-0.0125,false_alarm
SPY,2007-09-21,0.1879,-0.0151,false_alarm
SPY,2007-09-24,0.1844,-0.0133,false_alarm
SPY,2007-09-25,0.1805,-0.0114,false_alarm
SPY,2007-09-26,0.157,-0.0281,false_alarm
SPY,2007-09-27,0.1452,-0.0387,false_alarm
SPY,2007-09-28,0.1456,-0.0488,false_alarm
SPY,2007-10-01,0.1466,-0.0687,hit
SPY,2007-10-02,0.1443,-0.0674,hit
SPY,2007-10-03,0.1397,-0.0655,hit
SPY,2007-10-04,0.1397,-0.067,hit
SPY,2007-10-05,0.1297,-0.078,hit
SPY,2007-10-08,0.1322,-0.073,hit
SPY,2007-10-09,0.1306,-0.0817,hit
SPY,2007-10-10,0.1317,-0.0931,hit
SPY,2007-10-11,0.1336,-0.0887,hit
SPY,2007-10-12,0.1337,-0.0984,hit
SPY,2007-10-15,0.1366,-0.0907,hit
SPY,2007-11-07,0.1907,-0.0471,false_alarm
SPY,2007-11-08,0.1908,-0.0422,false_alarm
SPY,2007-11-09,0.192,-0.0289,false_alarm
SPY,2007-11-12,0.1926,-0.0191,false_alarm
SPY,2007-11-13,0.226,-0.0481,false_alarm
SPY,2007-11-14,0.2252,-0.0455,false_alarm
SPY,2007-11-15,0.2294,-0.0315,false_alarm
SPY,2007-11-16,0.2118,-0.0332,false_alarm
SPY,2007-11-19,0.2147,-0.0195,false_alarm
SPY,2007-11-20,0.2135,-0.0255,false_alarm
SPY,2007-11-21,0.2231,-0.0052,false_alarm
SPY,2007-11-23,0.234,-0.0311,false_alarm
SPY,2007-11-26,0.2376,-0.0092,false_alarm
SPY,2007-11-27,0.2428,-0.0205,false_alarm
SPY,2007-11-28,0.2728,-0.0509,hit
SPY,2007-11-29,0.2691,-0.0512,hit
SPY,2007-11-30,0.2603,-0.0656,hit
SPY,2007-12-03,0.261,-0.0675,hit
SPY,2007-12-04,0.2615,-0.0835,hit
SPY,2007-12-05,0.2641,-0.1078,hit
SPY,2007-12-06,0.2496,-0.1294,hit
SPY,2007-12-07,0.2486,-0.1292,hit
SPY,2007-12-10,0.243,-0.1359,hit
SPY,2007-12-11,0.2624,-0.1115,hit
SPY,2007-12-12,0.2422,-0.1202,hit
SPY,2007-12-13,0.2421,-0.1184,hit
SPY,2007-12-14,0.2408,-0.1071,hit
SPY,2007-12-17,0.2464,-0.0941,hit
SPY,2007-12-18,0.2417,-0.0992,hit
SPY,2007-12-19,0.2408,-0.0992,hit
SPY,2007-12-20,0.2282,-0.1048,hit
SPY,2007-12-21,0.2259,-0.1175,hit
SPY,2007-12-24,0.208,-0.124,hit
SPY,2008-01-31,0.2306,-0.0682,hit
SPY,2008-02-01,0.2399,-0.083,hit
SPY,2008-02-05,0.2459,-0.0457,false_alarm
SPY,2008-02-06,0.2415,-0.038,false_alarm
SPY,2008-03-18,0.2588,-0.0248,false_alarm
SPY,2008-03-19,0.2723,0.0141,false_alarm
SPY,2008-03-20,0.2805,-0.0043,false_alarm
SPY,2008-03-24,0.2891,-0.0238,false_alarm
SPY,2008-03-25,0.2853,-0.0248,false_alarm
SPY,2008-03-26,0.2864,-0.0127,false_alarm
SPY,2008-03-27,0.2864,-0.0096,false_alarm
SPY,2008-03-28,0.2864,0.0035,false_alarm
SPY,2008-03-31,0.276,0.0073,false_alarm
SPY,2008-04-01,0.3025,-0.0269,false_alarm
SPY,2008-04-02,0.3019,-0.0276,false_alarm
SPY,2008-04-03,0.3014,-0.03,false_alarm
SPY,2008-04-04,0.2899,-0.0289,false_alarm
SPY,2008-04-07,0.2861,-0.0294,false_alarm
SPY,2008-04-08,0.2801,-0.0284,false_alarm
SPY,2008-09-17,0.3252,-0.2759,hit
SPY,2008-09-18,0.3453,-0.2968,hit
SPY,2008-09-19,0.376,-0.3236,hit
SPY,2008-09-22,0.3788,-0.308,hit
SPY,2008-09-23,0.3805,-0.2919,hit
SPY,2008-09-24,0.3805,-0.2941,hit
SPY,2008-09-25,0.3837,-0.305,hit
SPY,2008-09-26,0.3799,-0.3053,hit
SPY,2008-09-29,0.4704,-0.2463,hit
SPY,2008-09-30,0.4998,-0.2762,hit
SPY,2008-10-01,0.5,-0.2767,hit
SPY,2008-10-02,0.5049,-0.2494,hit
SPY,2008-10-03,0.5049,-0.2392,hit
SPY,2008-10-06,0.5206,-0.1983,hit
SPY,2008-10-07,0.5318,-0.1608,hit
SPY,2008-10-08,0.5317,-0.1642,hit
SPY,2008-10-09,0.5637,-0.1681,hit
SPY,2008-10-10,0.5591,-0.1475,hit
SPY,2008-10-13,0.7664,-0.2556,hit
SPY,2008-10-14,0.7611,-0.2444,hit
SPY,2008-10-15,0.8225,-0.1619,hit
SPY,2008-10-16,0.8313,-0.1954,hit
SPY,2008-10-17,0.8097,-0.1905,hit
SPY,2008-10-20,0.8487,-0.2364,hit
SPY,2008-10-21,0.8505,-0.2129,hit
SPY,2008-10-22,0.8636,-0.1676,hit
SPY,2008-10-23,0.862,-0.1771,hit
SPY,2008-10-24,0.8706,-0.1332,hit
SPY,2008-10-27,0.8398,-0.1013,hit
SPY,2008-10-28,0.9319,-0.1953,hit
SPY,2008-10-29,0.9311,-0.1894,hit
SPY,2008-10-30,0.9389,-0.2165,hit
SPY,2008-10-31,0.9397,-0.2208,hit
SPY,2008-11-03,0.9244,-0.223,hit
SPY,2008-11-04,0.9193,-0.2486,hit
SPY,2008-11-05,0.9278,-0.2156,hit
SPY,2008-11-06,0.9136,-0.1696,hit
SPY,2008-11-07,0.9156,-0.1961,hit
SPY,2008-11-10,0.7706,-0.1855,hit
SPY,2008-11-11,0.7757,-0.1595,hit
SPY,2008-11-12,0.7015,-0.1208,hit
SPY,2008-11-13,0.7208,-0.1724,hit
SPY,2008-11-14,0.7421,-0.129,hit
SPY,2008-11-17,0.7054,-0.1172,hit
SPY,2008-11-18,0.7056,-0.1336,hit
SPY,2008-11-19,0.7163,-0.0742,hit
SPY,2008-11-20,0.7566,0.0539,false_alarm
SPY,2008-11-21,0.77,0.0326,false_alarm
SPY,2008-11-24,0.8003,-0.0343,false_alarm
SPY,2008-11-25,0.6884,-0.0414,false_alarm
SPY,2008-11-26,0.7045,-0.0771,hit
SPY,2008-11-28,0.6939,-0.0886,hit
SPY,2008-12-01,0.7616,0.0359,false_alarm
SPY,2008-12-02,0.7783,-0.0025,false_alarm
SPY,2008-12-03,0.7724,-0.0259,false_alarm
SPY,2008-12-04,0.7634,-0.0478,false_alarm
SPY,2008-12-05,0.7489,-0.0763,hit
SPY,2008-12-08,0.75,-0.1074,hit
SPY,2008-12-09,0.7508,-0.0925,hit
SPY,2008-12-10,0.743,-0.0986,hit
SPY,2008-12-11,0.7299,-0.0764,hit
SPY,2008-12-12,0.6972,-0.0873,hit
SPY,2008-12-15,0.6739,-0.0744,hit
SPY,2008-12-16,0.6903,-0.116,hit
SPY,2008-12-17,0.6895,-0.1073,hit
SPY,2008-12-18,0.6463,-0.0903,hit
SPY,2008-12-19,0.5715,-0.0864,hit
SPY,2008-12-22,0.5511,-0.0745,hit
SPY,2008-12-23,0.5017,-0.0649,hit
SPY,2008-12-24,0.5015,-0.0703,hit
SPY,2008-12-26,0.4827,-0.0756,hit
SPY,2008-12-29,0.4802,-0.0729,hit
SPY,2008-12-30,0.3452,-0.0944,hit
SPY,2009-01-02,0.3301,-0.1478,hit
SPY,2009-01-21,0.3592,-0.1814,hit
SPY,2009-01-22,0.3603,-0.1686,hit
SPY,2009-01-23,0.3599,-0.1805,hit
SPY,2009-01-26,0.3602,-0.1861,hit
SPY,2009-01-27,0.3617,-0.1943,hit
SPY,2009-01-28,0.3821,-0.2206,hit
SPY,2009-01-29,0.3893,-0.1944,hit
SPY,2009-01-30,0.389,-0.1777,hit
SPY,2009-02-02,0.3678,-0.1752,hit
SPY,2009-02-03,0.3743,-0.1866,hit
SPY,2009-02-04,0.3717,-0.1826,hit
SPY,2009-02-05,0.3665,-0.1946,hit
SPY,2009-02-06,0.3826,-0.2169,hit
SPY,2009-02-09,0.3758,-0.218,hit
SPY,2009-02-10,0.4019,-0.1805,hit
SPY,2009-02-11,0.4027,-0.1853,hit
SPY,2009-02-12,0.387,-0.1859,hit
SPY,2009-02-13,0.3887,-0.177,hit
SPY,2009-02-17,0.4154,-0.1402,hit
SPY,2009-03-10,0.4344,0.0065,false_alarm
SPY,2009-03-12,0.4427,0.0048,false_alarm
SPY,2009-03-13,0.4447,-0.003,false_alarm
SPY,2009-03-16,0.4441,0.0184,false_alarm
SPY,2009-03-23,0.4897,-0.0417,false_alarm
SPY,2009-03-24,0.4821,-0.0225,false_alarm
SPY,2009-03-25,0.4813,-0.0327,false_alarm
SPY,2009-03-26,0.479,-0.052,hit
SPY,2009-03-27,0.4759,-0.0346,false_alarm
SPY,2010-05-10,0.2717,-0.0919,hit
SPY,2010-05-11,0.2716,-0.0893,hit
SPY,2010-05-12,0.2734,-0.1018,hit
SPY,2010-05-13,0.276,-0.0905,hit
SPY,2010-05-14,0.2776,-0.0738,hit
SPY,2010-05-17,0.2769,-0.0811,hit
SPY,2010-05-18,0.2761,-0.0773,hit
SPY,2010-05-19,0.2761,-0.0762,hit
SPY,2010-05-20,0.3007,-0.0451,false_alarm
SPY,2010-05-21,0.3064,-0.0589,hit
SPY,2010-05-24,0.3074,-0.0466,false_alarm
SPY,2010-05-25,0.3007,-0.0476,false_alarm
SPY,2010-05-26,0.2972,-0.0418,false_alarm
SPY,2010-05-27,0.3216,-0.0729,hit
SPY,2010-05-28,0.3196,-0.0611,hit
SPY,2010-06-01,0.3161,-0.045,false_alarm
SPY,2010-06-02,0.327,-0.0693,hit
SPY,2010-06-03,0.3276,-0.0725,hit
SPY,2010-06-04,0.3302,-0.0387,false_alarm
SPY,2010-06-07,0.3291,-0.0266,false_alarm
SPY,2010-06-08,0.2867,-0.0369,false_alarm
SPY,2010-06-09,0.2866,-0.0317,false_alarm
SPY,2010-06-10,0.3037,-0.0592,hit
SPY,2010-06-11,0.3032,-0.0638,hit
SPY,2010-06-14,0.2976,-0.0623,hit
SPY,2010-06-15,0.31,-0.0832,hit
SPY,2010-06-16,0.3063,-0.0828,hit
SPY,2010-06-17,0.3057,-0.0843,hit
SPY,2010-06-18,0.2694,-0.0853,hit
SPY,2010-06-21,0.2659,-0.0827,hit
SPY,2010-06-22,0.2688,-0.0673,hit
SPY,2010-06-23,0.2692,-0.0644,hit
SPY,2010-06-24,0.2755,-0.0486,false_alarm
SPY,2010-06-29,0.2618,-0.0193,false_alarm
SPY,2011-08-04,0.2263,-0.0665,hit
SPY,2011-08-05,0.2268,-0.0651,hit
SPY,2011-08-08,0.3134,0.0003,false_alarm
SPY,2011-08-09,0.3666,-0.0442,false_alarm
SPY,2011-08-10,0.3906,0.0031,false_alarm
SPY,2011-08-11,0.432,-0.04,false_alarm
SPY,2011-08-12,0.4323,-0.0464,false_alarm
SPY,2011-08-15,0.4421,-0.0662,hit
SPY,2011-08-16,0.4359,-0.0581,hit
SPY,2011-08-17,0.4361,-0.0587,hit
SPY,2011-08-18,0.4509,-0.0163,false_alarm
SPY,2011-08-19,0.4506,-0.019,false_alarm
SPY,2011-08-22,0.4518,-0.0198,false_alarm
SPY,2011-08-23,0.4745,-0.051,hit
SPY,2011-08-24,0.477,-0.0642,hit
SPY,2011-08-25,0.4783,-0.0497,false_alarm
SPY,2011-08-26,0.4835,-0.0633,hit
SPY,2011-08-29,0.4975,-0.0895,hit
SPY,2011-08-30,0.4903,-0.0919,hit
SPY,2011-08-31,0.4901,-0.0959,hit
SPY,2011-09-01,0.4602,-0.0863,hit
SPY,2011-09-02,0.4695,-0.0624,hit
SPY,2011-09-06,0.4002,-0.0555,hit
SPY,2011-09-07,0.3792,-0.0814,hit
SPY,2011-09-08,0.3409,-0.0718,hit
SPY,2011-09-09,0.3197,-0.0468,false_alarm
SPY,2011-09-12,0.3196,-0.0529,hit
SPY,2011-09-13,0.3117,-0.0615,hit
SPY,2011-09-14,0.3147,-0.0743,hit
SPY,2011-09-15,0.3206,-0.09,hit
SPY,2011-09-16,0.2736,-0.0954,hit
SPY,2011-09-19,0.2684,-0.0863,hit
SPY,2011-09-20,0.2687,-0.0852,hit
SPY,2011-09-21,0.2707,-0.0574,hit
SPY,2011-09-22,0.2898,-0.026,false_alarm
SPY,2011-09-23,0.2867,-0.0318,false_alarm
SPY,2011-09-26,0.2948,-0.0543,hit
SPY,2011-09-27,0.2784,-0.0647,hit
SPY,2011-09-28,0.2861,-0.0452,false_alarm
SPY,2011-09-29,0.2875,-0.0527,hit
SPY,2011-09-30,0.2977,-0.0285,false_alarm
SPY,2011-10-03,0.3009,0.0219,false_alarm
SPY,2011-10-04,0.313,0.0185,false_alarm
SPY,2011-10-05,0.3028,0.0113,false_alarm
SPY,2011-10-06,0.3092,-0.0067,false_alarm
SPY,2011-10-07,0.295,0.0334,false_alarm
SPY,2011-10-10,0.3167,0.0007,false_alarm
SPY,2011-10-11,0.3154,-0.0043,false_alarm
SPY,2011-10-12,0.3132,-0.0347,false_alarm
SPY,2011-10-13,0.3073,-0.0346,false_alarm
SPY,2011-10-14,0.3126,-0.0508,hit
SPY,2011-10-17,0.3184,-0.0324,false_alarm
SPY,2011-10-18,0.3257,-0.0509,hit
SPY,2011-10-19,0.3089,-0.0395,false_alarm
SPY,2011-10-20,0.2803,-0.0437,false_alarm
SPY,2011-10-21,0.2853,-0.0615,hit
SPY,2011-10-24,0.278,-0.0729,hit
SPY,2011-10-25,0.2885,-0.0545,hit
SPY,2011-10-26,0.2765,-0.064,hit
SPY,2011-10-27,0.2967,-0.0955,hit
SPY,2011-10-28,0.2752,-0.0953,hit
SPY,2011-10-31,0.2679,-0.073,hit
SPY,2011-11-01,0.2886,-0.0464,false_alarm
SPY,2011-11-02,0.2873,-0.0617,hit
SPY,2011-11-03,0.2873,-0.0785,hit
SPY,2011-11-04,0.2871,-0.0728,hit
SPY,2011-11-07,0.2664,-0.0786,hit
SPY,2011-11-08,0.2686,-0.0902,hit
SPY,2011-11-09,0.3042,-0.0554,hit
SPY,2011-11-10,0.3054,-0.0642,hit
SPY,2011-11-11,0.3066,-0.0815,hit
SPY,2011-11-14,0.2996,-0.0727,hit
SPY,2011-11-15,0.2929,-0.0773,hit
SPY,2011-11-16,0.2958,-0.0624,hit
SPY,2011-11-17,0.3016,-0.0473,false_alarm
SPY,2011-11-18,0.2935,-0.0462,false_alarm
SPY,2011-11-21,0.2962,-0.0277,false_alarm
SPY,2011-11-22,0.2892,-0.0239,false_alarm
SPY,2011-11-23,0.2947,-0.0019,false_alarm
SPY,2011-11-25,0.2596,0.029,false_alarm
SPY,2011-11-28,0.2855,0.0028,false_alarm
SPY,2011-11-29,0.2753,0.0084,false_alarm
SPY,2011-11-30,0.2961,-0.0315,false_alarm
SPY,2011-12-01,0.2908,-0.0313,false_alarm
SPY,2011-12-02,0.2832,-0.0305,false_alarm
SPY,2011-12-05,0.2851,-0.0409,false_alarm
SPY,2011-12-06,0.2843,-0.0412,false_alarm
SPY,2011-12-07,0.2807,-0.0448,false_alarm
SPY,2011-12-08,0.2581,-0.0234,false_alarm
SPY,2011-12-09,0.2628,-0.0396,false_alarm
SPY,2011-12-12,0.2592,-0.0254,false_alarm
SPY,2011-12-13,0.2592,-0.0162,false_alarm
SPY,2011-12-14,0.2604,-0.0056,false_alarm
SPY,2011-12-15,0.2554,-0.0092,false_alarm
SPY,2011-12-16,0.249,-0.0107,false_alarm
SPY,2011-12-19,0.252,0.0303,false_alarm
SPY,2011-12-20,0.2633,0.0019,false_alarm
SPY,2011-12-21,0.2623,0.0053,false_alarm
SPY,2011-12-22,0.2463,-0.0035,false_alarm
SPY,2011-12-23,0.2459,-0.0123,false_alarm
SPY,2011-12-28,0.2361,0.0054,false_alarm
SPY,2013-06-26,0.1796,0.0017,false_alarm
SPY,2013-06-27,0.1805,-0.0041,false_alarm
SPY,2014-02-04,0.1511,-0.0013,false_alarm
SPY,2014-02-06,0.1578,0.0124,false_alarm
SPY,2014-02-07,0.1653,0.0018,false_alarm
SPY,2014-02-10,0.1651,0.0109,false_alarm
SPY,2014-02-11,0.1637,0.0005,false_alarm
SPY,2014-02-12,0.1587,0.0052,false_alarm
SPY,2014-02-13,0.1586,0.0001,false_alarm
SPY,2014-02-14,0.1599,-0.0054,false_alarm
SPY,2014-02-18,0.1592,-0.0066,false_alarm
SPY,2014-02-19,0.1607,0.0048,false_alarm
SPY,2014-02-20,0.1621,-0.0011,false_alarm
SPY,2014-02-21,0.1593,0.0042,false_alarm
SPY,2014-10-09,0.1548,-0.0336,false_alarm
SPY,2014-10-10,0.1581,-0.0224,false_alarm
SPY,2014-10-13,0.1662,-0.0061,false_alarm
SPY,2014-10-14,0.1627,-0.0076,false_alarm
SPY,2014-10-15,0.1623,-0.0009,false_alarm
SPY,2014-10-16,0.1593,0.0118,false_alarm
SPY,2014-10-17,0.1684,0.0097,false_alarm
SPY,2014-10-20,0.1734,0.0126,false_alarm
SPY,2014-10-21,0.1893,-0.0071,false_alarm
SPY,2014-10-22,0.1875,0.0116,false_alarm
SPY,2014-10-23,0.1849,0.0063,false_alarm
SPY,2014-10-24,0.1848,-0.0014,false_alarm
SPY,2014-10-27,0.1847,0.0099,false_alarm
SPY,2014-10-28,0.1891,-0.0015,false_alarm
SPY,2014-10-29,0.1819,0.0064,false_alarm
SPY,2014-10-30,0.1829,0.0076,false_alarm
SPY,2014-10-31,0.1832,-0.0107,false_alarm
SPY,2014-11-03,0.183,-0.0191,false_alarm
SPY,2014-11-04,0.1729,-0.0157,false_alarm
SPY,2014-11-05,0.1641,-0.0219,false_alarm
SPY,2014-11-06,0.1433,-0.0258,false_alarm
SPY,2014-12-18,0.1562,-0.0322,false_alarm
SPY,2014-12-19,0.1568,-0.0363,false_alarm
SPY,2014-12-22,0.1565,-0.0407,false_alarm
SPY,2014-12-23,0.1563,-0.042,false_alarm
SPY,2014-12-24,0.1563,-0.0421,false_alarm
SPY,2014-12-26,0.1564,-0.0452,false_alarm
SPY,2014-12-29,0.1561,-0.0465,false_alarm
SPY,2014-12-30,0.1552,-0.0413,false_alarm
SPY,2014-12-31,0.1581,-0.0317,false_alarm
SPY,2015-01-02,0.1574,-0.0312,false_alarm
SPY,2015-01-05,0.1698,-0.0134,false_alarm
SPY,2015-01-06,0.1719,-0.004,false_alarm
SPY,2015-01-07,0.1778,-0.0163,false_alarm
SPY,2015-01-08,0.1894,-0.0334,false_alarm
SPY,2015-01-09,0.1822,-0.0256,false_alarm
SPY,2015-01-12,0.1837,-0.0179,false_alarm
SPY,2015-01-13,0.1739,-0.0151,false_alarm
SPY,2015-01-14,0.1735,-0.0092,false_alarm
SPY,2015-01-15,0.1743,0.0022,false_alarm
SPY,2015-01-16,0.1664,-0.0108,false_alarm
SPY,2015-01-27,0.1571,-0.0162,false_alarm
SPY,2015-01-28,0.1619,-0.0034,false_alarm
SPY,2015-01-29,0.1662,-0.0126,false_alarm
SPY,2015-01-30,0.1683,0.0124,false_alarm
SPY,2015-02-02,0.1753,0.0106,false_alarm
SPY,2015-02-03,0.1706,-0.0038,false_alarm
SPY,2015-02-04,0.1673,0.0022,false_alarm
SPY,2015-02-05,0.1654,-0.0079,false_alarm
SPY,2015-08-24,0.2155,-0.0118,false_alarm
SPY,2015-08-25,0.2078,0.0092,false_alarm
SPY,2015-08-26,0.2555,-0.0281,false_alarm
SPY,2015-08-27,0.2746,-0.0516,hit
SPY,2015-08-28,0.2748,-0.0516,hit
SPY,2015-08-31,0.2754,-0.0439,false_alarm
SPY,2015-09-01,0.2919,-0.0145,false_alarm
SPY,2015-09-02,0.3023,-0.0329,false_alarm
SPY,2015-09-03,0.3022,-0.0336,false_alarm
SPY,2015-09-04,0.3051,-0.0187,false_alarm
SPY,2015-09-08,0.3168,-0.0428,false_alarm
SPY,2015-09-09,0.3183,-0.0298,false_alarm
SPY,2015-09-10,0.3194,-0.035,false_alarm
SPY,2015-09-11,0.3206,-0.0394,false_alarm
SPY,2015-09-14,0.3196,-0.0358,false_alarm
SPY,2015-09-15,0.323,-0.0477,false_alarm
SPY,2015-09-16,0.3257,-0.0559,hit
SPY,2015-09-17,0.325,-0.0538,hit
SPY,2015-09-18,0.3218,-0.0381,false_alarm
SPY,2015-09-21,0.3041,-0.043,false_alarm
SPY,2015-09-22,0.2639,-0.0304,false_alarm
SPY,2015-09-23,0.2596,-0.0289,false_alarm
SPY,2015-09-24,0.2229,-0.0253,false_alarm
SPY,2015-09-25,0.2032,-0.0251,false_alarm
SPY,2015-09-28,0.2202,0.0006,false_alarm
SPY,2015-09-29,0.2195,0.0187,false_alarm
SPY,2015-09-30,0.2045,0.0026,false_alarm
SPY,2015-10-01,0.1927,0.0149,false_alarm
SPY,2015-10-02,0.2004,0.0143,false_alarm
SPY,2015-10-05,0.2009,-0.0034,false_alarm
SPY,2016-01-13,0.1999,-0.0316,false_alarm
SPY,2016-01-14,0.2062,-0.0473,false_alarm
SPY,2016-01-15,0.2054,-0.0264,false_alarm
SPY,2016-01-19,0.2026,-0.0277,false_alarm
SPY,2016-01-20,0.1987,-0.015,false_alarm
SPY,2016-01-22,0.2102,-0.0402,false_alarm
SPY,2016-01-25,0.2058,-0.0255,false_alarm
SPY,2016-01-26,0.2156,-0.0386,false_alarm
SPY,2016-01-27,0.2169,-0.028,false_alarm
SPY,2016-01-28,0.2128,-0.033,false_alarm
SPY,2016-01-29,0.2355,-0.0561,hit
SPY,2016-02-01,0.2342,-0.0557,hit
SPY,2016-02-02,0.2373,-0.0384,false_alarm
SPY,2016-02-03,0.2389,-0.0441,false_alarm
SPY,2016-02-04,0.2362,-0.0456,false_alarm
SPY,2016-02-05,0.2304,-0.0271,false_alarm
SPY,2016-02-08,0.232,-0.0138,false_alarm
SPY,2016-02-09,0.2318,-0.0139,false_alarm
SPY,2016-02-10,0.229,-0.013,false_alarm
SPY,2016-02-11,0.2165,0.0206,false_alarm
SPY,2016-02-12,0.2214,0.0169,false_alarm
SPY,2016-02-16,0.2167,0.0117,false_alarm
SPY,2016-02-17,0.2237,-0.0046,false_alarm
SPY,2016-02-18,0.2185,-0.0005,false_alarm
SPY,2016-02-19,0.2181,0.0017,false_alarm
SPY,2016-02-22,0.2122,-0.0126,false_alarm
SPY,2016-02-23,0.2098,0.0046,false_alarm
SPY,2016-02-24,0.2052,0.0019,false_alarm
SPY,2016-02-25,0.204,-0.0101,false_alarm
SPY,2016-02-26,0.2041,-0.0078,false_alarm
SPY,2016-03-01,0.2056,0.0015,false_alarm
SPY,2018-02-02,0.121,-0.0647,hit
SPY,2018-02-05,0.1939,-0.0239,false_alarm
SPY,2018-02-06,0.2079,-0.0427,false_alarm
SPY,2018-02-07,0.2081,-0.0375,false_alarm
SPY,2018-02-08,0.246,0.0056,false_alarm
SPY,2018-02-09,0.2517,-0.0092,false_alarm
SPY,2018-02-12,0.2572,-0.0236,false_alarm
SPY,2018-02-13,0.2578,-0.026,false_alarm
SPY,2018-02-14,0.2604,-0.039,false_alarm
SPY,2018-02-15,0.2655,-0.0532,hit
SPY,2018-02-16,0.2647,-0.0535,hit
SPY,2018-02-20,0.2628,-0.0475,false_alarm
SPY,2018-02-21,0.2626,-0.0428,false_alarm
SPY,2018-02-22,0.2628,-0.044,false_alarm
SPY,2018-02-23,0.2705,-0.059,hit
SPY,2018-02-26,0.2705,-0.0698,hit
SPY,2018-02-27,0.2728,-0.058,hit
SPY,2018-02-28,0.2727,-0.0484,false_alarm
SPY,2018-03-01,0.2763,-0.0344,false_alarm
SPY,2018-03-02,0.2776,-0.0393,false_alarm
SPY,2018-03-05,0.2714,-0.0503,hit
SPY,2018-03-06,0.2212,-0.0527,hit
SPY,2018-03-07,0.2109,-0.0523,hit
SPY,2018-03-08,0.2101,-0.0569,hit
SPY,2018-03-09,0.1579,-0.073,hit
SPY,2018-03-12,0.1534,-0.0719,hit
SPY,2018-03-13,0.1508,-0.0658,hit
SPY,2018-03-14,0.1529,-0.061,hit
SPY,2018-03-15,0.1468,-0.06,hit
SPY,2018-03-16,0.1401,-0.061,hit
SPY,2018-03-19,0.1487,-0.0481,false_alarm
SPY,2018-03-20,0.1472,-0.0498,false_alarm
SPY,2018-03-21,0.1461,-0.0479,false_alarm
SPY,2018-03-22,0.1719,-0.0235,false_alarm
SPY,2018-03-23,0.1744,-0.0022,false_alarm
SPY,2018-03-26,0.1984,-0.0288,false_alarm
SPY,2018-03-27,0.2022,-0.012,false_alarm
SPY,2018-03-28,0.2001,-0.0091,false_alarm
SPY,2018-03-29,0.2008,-0.0216,false_alarm
SPY,2018-04-02,0.2129,0.0087,false_alarm
SPY,2018-04-03,0.214,-0.004,false_alarm
SPY,2018-04-04,0.2181,-0.0146,false_alarm
SPY,2018-04-05,0.2207,-0.0223,false_alarm
SPY,2018-04-06,0.232,0.0049,false_alarm
SPY,2018-04-09,0.222,0.0062,false_alarm
SPY,2018-04-10,0.2319,-0.0095,false_alarm
SPY,2018-04-11,0.2316,-0.0043,false_alarm
SPY,2018-04-12,0.2342,-0.0124,false_alarm
SPY,2018-04-13,0.2342,-0.0095,false_alarm
SPY,2018-04-16,0.2367,-0.0176,false_alarm
SPY,2018-04-17,0.2355,-0.028,false_alarm
SPY,2018-04-18,0.2355,-0.0287,false_alarm
SPY,2018-04-19,0.2362,-0.0233,false_alarm
SPY,2018-04-20,0.2195,-0.015,false_alarm
SPY,2018-04-23,0.2035,-0.0148,false_alarm
SPY,2018-04-24,0.1867,-0.0014,false_alarm
SPY,2018-04-25,0.176,-0.0038,false_alarm
SPY,2018-04-26,0.1786,-0.0139,false_alarm
SPY,2018-04-27,0.1734,-0.0148,false_alarm
SPY,2018-04-30,0.1555,-0.0071,false_alarm
SPY,2018-05-01,0.1496,-0.0089,false_alarm
SPY,2018-05-02,0.1471,-0.0022,false_alarm
SPY,2018-05-03,0.1442,0.0129,false_alarm
SPY,2018-05-04,0.1263,0.0034,false_alarm
SPY,2018-05-07,0.1259,0.0,false_alarm
SPY,2018-05-08,0.1133,0.0079,false_alarm
SPY,2018-05-09,0.1159,-0.0018,false_alarm
SPY,2018-05-10,0.1169,-0.011,false_alarm
SPY,2018-10-10,0.13,-0.0519,hit
SPY,2018-10-11,0.1457,-0.0328,false_alarm
SPY,2018-10-12,0.1573,-0.046,false_alarm
SPY,2018-10-15,0.1574,-0.0406,false_alarm
SPY,2018-10-16,0.1774,-0.0612,hit
SPY,2018-10-17,0.1772,-0.0613,hit
SPY,2018-10-18,0.179,-0.0476,false_alarm
SPY,2018-10-19,0.179,-0.0471,false_alarm
SPY,2018-10-22,0.1791,-0.0428,false_alarm
SPY,2018-10-23,0.1791,-0.0379,false_alarm
SPY,2018-10-24,0.2044,-0.0078,false_alarm
SPY,2018-10-25,0.2179,-0.0253,false_alarm
SPY,2018-10-26,0.2229,-0.0078,false_alarm
SPY,2018-10-29,0.2209,-0.0023,false_alarm
SPY,2018-10-30,0.2314,-0.0169,false_alarm
SPY,2018-10-31,0.2369,-0.0375,false_alarm
SPY,2018-11-01,0.2416,-0.0664,hit
SPY,2018-11-02,0.2417,-0.0618,hit
SPY,2018-11-05,0.2433,-0.0809,hit
SPY,2018-11-06,0.2454,-0.1016,hit
SPY,2018-11-07,0.2316,-0.1384,hit
SPY,2018-11-08,0.2158,-0.1597,hit
SPY,2018-11-09,0.2142,-0.1514,hit
SPY,2018-11-12,0.224,-0.1352,hit
SPY,2018-11-13,0.2084,-0.1336,hit
SPY,2018-11-14,0.2092,-0.1277,hit
SPY,2018-11-15,0.2078,-0.1367,hit
SPY,2018-11-16,0.2081,-0.1389,hit
SPY,2018-11-19,0.216,-0.1241,hit
SPY,2018-11-20,0.2246,-0.1076,hit
SPY,2018-11-21,0.1971,-0.1106,hit
SPY,2018-11-23,0.1866,-0.1046,hit
SPY,2018-11-26,0.1856,-0.1188,hit
SPY,2018-11-27,0.1845,-0.1218,hit
SPY,2018-11-28,0.1944,-0.1416,hit
SPY,2018-11-29,0.1915,-0.1397,hit
SPY,2018-11-30,0.1891,-0.1449,hit
SPY,2018-12-03,0.1927,-0.1561,hit
SPY,2018-12-04,0.227,-0.1278,hit
SPY,2018-12-06,0.2255,-0.1265,hit
SPY,2018-12-07,0.2231,-0.1057,hit
SPY,2018-12-10,0.2238,-0.1074,hit
SPY,2018-12-11,0.2226,-0.1076,hit
SPY,2018-12-12,0.2153,-0.1121,hit
SPY,2018-12-13,0.2154,-0.1118,hit
SPY,2018-12-14,0.2233,-0.0951,hit
SPY,2018-12-17,0.2271,-0.077,hit
SPY,2018-12-18,0.2262,-0.0759,hit
SPY,2018-12-19,0.2248,-0.0619,hit
SPY,2018-12-20,0.2229,-0.0464,false_alarm
SPY,2018-12-21,0.2295,-0.0264,false_alarm
SPY,2018-12-24,0.2427,0.0421,false_alarm
SPY,2018-12-26,0.3031,-0.008,false_alarm
SPY,2018-12-27,0.3049,-0.0156,false_alarm
SPY,2018-12-28,0.2888,-0.0143,false_alarm
SPY,2018-12-31,0.2927,-0.0228,false_alarm
SPY,2019-01-02,0.2908,-0.0239,false_alarm
SPY,2019-01-03,0.2908,0.0335,false_alarm
SPY,2019-01-04,0.3049,0.0079,false_alarm
SPY,2019-01-07,0.3073,0.0094,false_alarm
SPY,2019-01-08,0.2998,0.0025,false_alarm
SPY,2019-01-09,0.3003,-0.0022,false_alarm
SPY,2019-01-10,0.3007,-0.0057,false_alarm
SPY,2019-01-11,0.3,-0.0061,false_alarm
SPY,2019-01-14,0.3005,0.0115,false_alarm
SPY,2019-01-15,0.2963,0.0024,false_alarm
SPY,2019-01-16,0.2867,0.0072,false_alarm
SPY,2019-01-17,0.2874,-0.0004,false_alarm
SPY,2019-01-18,0.2828,-0.0135,false_alarm
SPY,2019-01-22,0.2804,0.0021,false_alarm
SPY,2019-01-23,0.2657,0.0,false_alarm
SPY,2019-01-24,0.2395,-0.0005,false_alarm
SPY,2019-06-04,0.1708,0.0087,false_alarm
SPY,2019-06-05,0.1656,0.0065,false_alarm
SPY,2019-06-06,0.1676,0.01,false_alarm
SPY,2019-06-07,0.1713,0.0026,false_alarm
SPY,2019-06-10,0.1711,-0.002,false_alarm
SPY,2019-08-14,0.2054,0.0026,false_alarm
SPY,2019-08-15,0.205,0.0007,false_alarm
SPY,2019-08-16,0.2133,-0.0138,false_alarm
SPY,2019-08-19,0.2182,-0.0256,false_alarm
SPY,2019-08-20,0.2173,-0.0181,false_alarm
SPY,2019-08-21,0.219,-0.026,false_alarm
SPY,2019-08-22,0.2187,-0.0257,false_alarm
SPY,2019-08-23,0.2332,0.0071,false_alarm
SPY,2019-08-26,0.2384,-0.0039,false_alarm
SPY,2019-08-27,0.2384,0.007,false_alarm
SPY,2019-08-28,0.2384,0.0017,false_alarm
SPY,2019-08-29,0.2418,-0.0109,false_alarm
SPY,2019-08-30,0.2403,-0.0105,false_alarm
SPY,2019-09-03,0.2132,-0.0046,false_alarm
SPY,2019-09-04,0.2113,-0.0158,false_alarm
SPY,2019-09-05,0.2153,-0.0283,false_alarm
SPY,2019-09-06,0.2048,-0.0291,false_alarm
SPY,2019-09-09,0.2029,-0.0295,false_alarm
SPY,2020-02-24,0.1838,-0.3044,hit
SPY,2020-02-25,0.2058,-0.2827,hit
SPY,2020-02-26,0.2008,-0.2801,hit
SPY,2020-02-27,0.2532,-0.2462,hit
SPY,2020-02-28,0.2514,-0.243,hit
SPY,2020-03-02,0.2971,-0.2744,hit
SPY,2020-03-03,0.3097,-0.2531,hit
SPY,2020-03-04,0.3429,-0.2832,hit
SPY,2020-03-05,0.3558,-0.2585,hit
SPY,2020-03-06,0.3568,-0.2461,hit
SPY,2020-03-09,0.4462,-0.1822,hit
SPY,2020-03-10,0.4918,-0.2224,hit
SPY,2020-03-11,0.5128,-0.1826,hit
SPY,2020-03-12,0.6005,-0.0961,hit
SPY,2020-03-13,0.6922,-0.1673,hit
SPY,2020-03-16,0.783,-0.065,hit
SPY,2020-03-17,0.8201,-0.1129,hit
SPY,2020-03-18,0.8273,-0.0656,hit
SPY,2020-03-19,0.8289,-0.0676,hit
SPY,2020-03-20,0.834,-0.0256,false_alarm
SPY,2020-03-23,0.8326,0.0906,false_alarm
SPY,2020-03-24,0.9099,0.0123,false_alarm
SPY,2020-03-25,0.9145,-0.0026,false_alarm
SPY,2020-03-26,0.9354,-0.0576,hit
SPY,2020-03-27,0.9392,-0.0287,false_alarm
SPY,2020-03-30,0.9326,-0.0592,hit
SPY,2020-03-31,0.9297,-0.045,false_alarm
SPY,2020-04-01,0.9209,0.0083,false_alarm
SPY,2020-04-02,0.9248,-0.0145,false_alarm
SPY,2020-04-03,0.9246,0.0672,false_alarm
SPY,2020-04-06,0.9181,0.001,false_alarm
SPY,2020-04-07,0.8976,0.0298,false_alarm
SPY,2020-04-08,0.8894,-0.0036,false_alarm
SPY,2020-04-09,0.8065,-0.0185,false_alarm
SPY,2020-04-13,0.7559,-0.0095,false_alarm
SPY,2020-04-14,0.6204,-0.0379,false_alarm
SPY,2020-04-15,0.6064,-0.017,false_alarm
SPY,2020-04-16,0.568,-0.0217,false_alarm
SPY,2020-04-17,0.5714,-0.0474,false_alarm
SPY,2020-04-20,0.546,-0.0304,false_alarm
SPY,2020-04-21,0.5506,0.0221,false_alarm
SPY,2020-04-22,0.4738,-0.0001,false_alarm
SPY,2020-04-23,0.4734,0.009,false_alarm
SPY,2020-04-24,0.4356,-0.0048,false_alarm
SPY,2020-04-27,0.4174,-0.019,false_alarm
SPY,2020-04-28,0.4076,-0.0145,false_alarm
SPY,2020-04-29,0.4076,-0.0396,false_alarm
SPY,2020-04-30,0.3633,-0.0306,false_alarm
SPY,2020-05-01,0.3794,-0.0042,false_alarm
SPY,2020-05-04,0.3719,-0.0069,false_alarm
SPY,2020-05-05,0.302,-0.016,false_alarm
SPY,2020-05-06,0.3043,-0.0093,false_alarm
SPY,2020-05-07,0.2858,-0.0211,false_alarm
SPY,2020-05-08,0.2866,-0.0371,false_alarm
SPY,2020-05-11,0.2834,-0.0373,false_alarm
SPY,2020-05-12,0.2771,-0.0177,false_alarm
SPY,2020-05-13,0.2735,0.012,false_alarm
SPY,2020-05-14,0.2761,0.0046,false_alarm
SPY,2020-05-15,0.2596,0.0199,false_alarm
SPY,2020-05-18,0.2715,-0.0103,false_alarm
SPY,2020-05-19,0.2469,0.01,false_alarm
SPY,2020-05-20,0.2424,-0.0069,false_alarm
SPY,2020-05-21,0.2448,0.0019,false_alarm
SPY,2020-05-22,0.2413,0.0123,false_alarm
SPY,2020-05-26,0.24,0.0051,false_alarm
SPY,2020-05-27,0.2427,-0.0096,false_alarm
SPY,2020-05-28,0.2276,-0.0078,false_alarm
SPY,2020-05-29,0.224,-0.0122,false_alarm
SPY,2020-06-05,0.2076,-0.0587,hit
SPY,2020-06-08,0.2051,-0.0699,hit
SPY,2020-06-09,0.2092,-0.0629,hit
SPY,2020-06-11,0.2901,0.0025,false_alarm
SPY,2020-06-12,0.2901,-0.0093,false_alarm
SPY,2020-06-15,0.2909,-0.0185,false_alarm
SPY,2020-06-16,0.2801,-0.037,false_alarm
SPY,2020-06-17,0.277,-0.033,false_alarm
SPY,2020-06-18,0.2724,-0.0334,false_alarm
SPY,2020-06-19,0.2719,-0.0278,false_alarm
SPY,2020-06-22,0.2723,-0.034,false_alarm
SPY,2020-06-23,0.2701,-0.0385,false_alarm
SPY,2020-06-24,0.2834,-0.0133,false_alarm
SPY,2020-06-25,0.2856,-0.0238,false_alarm
SPY,2020-06-26,0.2986,0.0147,false_alarm
SPY,2020-06-29,0.303,0.0128,false_alarm
SPY,2020-06-30,0.305,0.007,false_alarm
SPY,2020-07-01,0.3023,0.0055,false_alarm
SPY,2020-07-02,0.3028,0.005,false_alarm
SPY,2020-07-06,0.2938,-0.0103,false_alarm
SPY,2020-07-07,0.2923,0.0019,false_alarm
SPY,2020-07-08,0.2929,-0.0057,false_alarm
SPY,2020-07-09,0.2929,0.0015,false_alarm
SPY,2020-09-09,0.2072,-0.0467,false_alarm
SPY,2020-09-10,0.2114,-0.0298,false_alarm
SPY,2020-09-11,0.2114,-0.0303,false_alarm
SPY,2020-09-14,0.2167,-0.0429,false_alarm
SPY,2020-09-15,0.2172,-0.0477,false_alarm
SPY,2020-09-16,0.2176,-0.0439,false_alarm
SPY,2020-09-17,0.2194,-0.0355,false_alarm
SPY,2020-09-18,0.2226,-0.0242,false_alarm
SPY,2020-09-21,0.2248,-0.0132,false_alarm
SPY,2020-09-22,0.2249,-0.0232,false_alarm
SPY,2020-09-23,0.2367,0.0027,false_alarm
SPY,2020-09-24,0.2328,0.0094,false_alarm
SPY,2020-09-25,0.2422,-0.0067,false_alarm
SPY,2020-09-28,0.2497,-0.0229,false_alarm
SPY,2020-09-29,0.2499,-0.0175,false_alarm
SPY,2020-09-30,0.2489,-0.0249,false_alarm
SPY,2021-12-07,0.1716,-0.0426,false_alarm
SPY,2021-12-08,0.1714,-0.0639,hit
SPY,2021-12-09,0.1706,-0.0575,hit
SPY,2021-12-10,0.1736,-0.0738,hit
SPY,2021-12-13,0.1749,-0.0679,hit
SPY,2021-12-14,0.1766,-0.0661,hit
SPY,2021-12-15,0.1849,-0.0804,hit
SPY,2021-12-16,0.1875,-0.0722,hit
SPY,2021-12-17,0.1906,-0.0623,hit
SPY,2021-12-20,0.1937,-0.0522,hit
SPY,2021-12-21,0.2049,-0.0687,hit
SPY,2021-12-22,0.2081,-0.0779,hit
SPY,2021-12-23,0.209,-0.0836,hit
SPY,2021-12-27,0.1959,-0.0964,hit
SPY,2021-12-28,0.1925,-0.0957,hit
SPY,2021-12-29,0.1756,-0.0968,hit
SPY,2022-02-02,0.1923,-0.0899,hit
SPY,2022-02-03,0.198,-0.068,hit
SPY,2022-02-04,0.1996,-0.0723,hit
SPY,2022-02-07,0.1995,-0.0693,hit
SPY,2022-02-08,0.2028,-0.0769,hit
SPY,2022-02-09,0.2075,-0.0902,hit
SPY,2022-02-10,0.2152,-0.0736,hit
SPY,2022-02-11,0.2205,-0.055,hit
SPY,2022-02-14,0.2202,-0.0519,hit
SPY,2022-02-15,0.2223,-0.0669,hit
SPY,2022-02-16,0.2197,-0.068,hit
SPY,2022-02-17,0.2293,-0.0476,false_alarm
SPY,2022-02-18,0.2195,-0.0414,false_alarm
SPY,2022-02-22,0.2218,-0.031,false_alarm
SPY,2022-02-23,0.2263,-0.0135,false_alarm
SPY,2022-02-24,0.2336,-0.0281,false_alarm
SPY,2022-02-25,0.246,-0.0491,false_alarm
SPY,2022-02-28,0.2295,-0.0467,false_alarm
SPY,2022-03-01,0.2243,-0.0319,false_alarm
SPY,2022-03-02,0.2339,-0.0494,false_alarm
SPY,2022-03-03,0.2302,-0.0447,false_alarm
SPY,2022-03-04,0.2173,-0.0368,false_alarm
SPY,2022-03-07,0.2377,-0.0076,false_alarm
SPY,2022-03-08,0.2382,0.0018,false_alarm
SPY,2022-03-09,0.2581,-0.0244,false_alarm
SPY,2022-03-10,0.25,-0.0199,false_alarm
SPY,2022-03-11,0.2466,-0.0073,false_alarm
SPY,2022-03-14,0.2394,0.0009,false_alarm
SPY,2022-03-15,0.2546,-0.0206,false_alarm
SPY,2022-03-16,0.2608,-0.0418,false_alarm
SPY,2022-03-17,0.2652,-0.063,hit
SPY,2022-03-18,0.256,-0.0732,hit
SPY,2022-03-21,0.2546,-0.0729,hit
SPY,2022-03-22,0.2529,-0.0836,hit
SPY,2022-03-23,0.2482,-0.0717,hit
SPY,2022-03-24,0.2482,-0.0869,hit
SPY,2022-03-25,0.2379,-0.1204,hit
SPY,2022-03-28,0.238,-0.1266,hit
SPY,2022-03-29,0.2309,-0.1491,hit
SPY,2022-03-30,0.2268,-0.1447,hit
SPY,2022-03-31,0.2343,-0.1313,hit
SPY,2022-04-01,0.2313,-0.1338,hit
SPY,2022-04-04,0.1976,-0.1411,hit
SPY,2022-04-05,0.2025,-0.1312,hit
SPY,2022-04-28,0.2232,-0.0896,hit
SPY,2022-04-29,0.2511,-0.0898,hit
SPY,2022-05-02,0.2526,-0.098,hit
SPY,2022-05-03,0.2503,-0.1021,hit
SPY,2022-05-04,0.2766,-0.1455,hit
SPY,2022-05-05,0.3006,-0.114,hit
SPY,2022-05-06,0.2988,-0.1086,hit
SPY,2022-05-09,0.3149,-0.0792,hit
SPY,2022-05-10,0.3132,-0.0813,hit
SPY,2022-05-11,0.3156,-0.0665,hit
SPY,2022-05-12,0.3099,-0.0655,hit
SPY,2022-05-13,0.3261,-0.0873,hit
SPY,2022-05-16,0.3256,-0.0836,hit
SPY,2022-05-17,0.3296,-0.1021,hit
SPY,2022-05-18,0.3541,-0.0643,hit
SPY,2022-05-19,0.3526,-0.0586,hit
SPY,2022-05-20,0.3434,-0.059,hit
SPY,2022-05-23,0.3513,-0.0763,hit
SPY,2022-05-24,0.3386,-0.0692,hit
SPY,2022-05-25,0.3406,-0.0773,hit
SPY,2022-05-26,0.3355,-0.0954,hit
SPY,2022-05-27,0.3217,-0.1171,hit
SPY,2022-05-31,0.3216,-0.1121,hit
SPY,2022-06-01,0.3223,-0.1048,hit
SPY,2022-06-02,0.3104,-0.1216,hit
SPY,2022-06-03,0.2882,-0.1069,hit
SPY,2022-06-06,0.2876,-0.1096,hit
SPY,2022-06-07,0.262,-0.1181,hit
SPY,2022-06-08,0.2661,-0.1084,hit
SPY,2022-06-09,0.2746,-0.0867,hit
SPY,2022-06-10,0.2952,-0.0594,hit
SPY,2022-06-13,0.3106,-0.0223,false_alarm
SPY,2022-06-14,0.3106,-0.0193,false_alarm
SPY,2022-06-15,0.3051,-0.0331,false_alarm
SPY,2022-06-16,0.2938,0.0022,false_alarm
SPY,2022-06-17,0.2942,0.0233,false_alarm
SPY,2022-06-21,0.3103,-0.0018,false_alarm
SPY,2022-06-22,0.3009,0.0076,false_alarm
SPY,2022-06-23,0.3035,-0.0021,false_alarm
SPY,2022-06-24,0.3238,-0.0329,false_alarm
SPY,2022-06-27,0.3147,-0.0292,false_alarm
SPY,2022-06-28,0.3054,-0.0089,false_alarm
SPY,2022-06-29,0.3056,-0.0081,false_alarm
SPY,2022-06-30,0.3056,0.0017,false_alarm
SPY,2022-07-01,0.2987,-0.0087,false_alarm
SPY,2022-07-05,0.2958,-0.0106,false_alarm
SPY,2022-07-06,0.2959,-0.0139,false_alarm
SPY,2022-07-07,0.2996,-0.0285,false_alarm
SPY,2022-07-08,0.2982,-0.0277,false_alarm
SPY,2022-07-11,0.2894,-0.0164,false_alarm
SPY,2022-07-12,0.2723,-0.0077,false_alarm
SPY,2024-08-05,0.193,0.0025,false_alarm
SPY,2024-08-06,0.1977,-0.0067,false_alarm
SPY,2024-08-07,0.1919,0.0231,false_alarm
SPY,2024-08-08,0.2131,0.0044,false_alarm
SPY,2024-08-09,0.2122,0.0005,false_alarm
SPY,2024-08-12,0.2116,0.0133,false_alarm
SPY,2024-08-13,0.2202,-0.0031,false_alarm
SPY,2024-08-14,0.2162,-0.0062,false_alarm
SPY,2024-08-15,0.2239,-0.023,false_alarm
SPY,2024-08-16,0.2226,-0.0252,false_alarm
SPY,2024-08-19,0.2222,-0.0344,false_alarm
SPY,2024-08-20,0.2222,-0.0328,false_alarm
SPY,2024-08-21,0.2045,-0.0361,false_alarm
SPY,2024-08-22,0.2059,-0.0285,false_alarm
SPY,2024-08-23,0.2055,-0.0387,false_alarm
SPY,2024-08-26,0.206,-0.0364,false_alarm
SPY,2024-08-27,0.2045,-0.0378,false_alarm
SPY,2024-08-28,0.1989,-0.0321,false_alarm
SPY,2024-08-29,0.191,-0.0322,false_alarm
SPY,2024-08-30,0.1772,-0.0414,false_alarm
SPY,2025-01-15,0.1779,-0.013,false_alarm
SPY,2025-01-16,0.1769,-0.0133,false_alarm
SPY,2025-01-17,0.1808,-0.0347,false_alarm
SPY,2025-03-10,0.1803,-0.1117,hit
SPY,2025-03-13,0.1823,-0.0969,hit
SPY,2025-03-14,0.1961,-0.1152,hit
SPY,2025-03-17,0.2,-0.122,hit
SPY,2025-03-18,0.2,-0.1124,hit
SPY,2025-03-19,0.2059,-0.1219,hit
SPY,2025-03-20,0.206,-0.1194,hit
SPY,2025-03-21,0.2001,-0.1197,hit
SPY,2025-03-24,0.213,-0.1352,hit
SPY,2025-03-25,0.2131,-0.1372,hit
SPY,2025-03-26,0.2162,-0.1268,hit
SPY,2025-03-27,0.2099,-0.1245,hit
SPY,2025-03-28,0.2101,-0.1065,hit
SPY,2025-03-31,0.2056,-0.1125,hit
SPY,2025-04-01,0.2028,-0.115,hit
SPY,2025-04-02,0.2,-0.1205,hit
SPY,2025-04-03,0.2601,-0.0749,hit
SPY,2025-04-04,0.3274,-0.0174,false_alarm
SPY,2025-04-07,0.3185,-0.0157,false_alarm
SPY,2025-04-08,0.3206,0.035,false_alarm
SPY,2025-04-09,0.4925,-0.0633,hit
SPY,2025-04-10,0.5152,-0.0204,false_alarm
SPY,2025-04-11,0.5137,-0.0376,false_alarm
SPY,2025-04-14,0.5143,-0.0468,false_alarm
SPY,2025-04-15,0.5133,-0.0441,false_alarm
SPY,2025-04-16,0.5159,-0.0224,false_alarm
SPY,2025-04-17,0.5162,-0.0238,false_alarm
SPY,2025-04-21,0.5211,0.026,false_alarm
SPY,2025-04-22,0.5264,0.0155,false_alarm
SPY,2025-04-23,0.5305,0.021,false_alarm
SPY,2025-04-24,0.5364,0.0072,false_alarm
SPY,2025-04-25,0.5374,0.0004,false_alarm
SPY,2025-04-28,0.5327,0.0063,false_alarm
SPY,2025-04-29,0.5327,0.0004,false_alarm
SPY,2025-04-30,0.5325,0.0071,false_alarm
SPY,2025-05-01,0.5327,0.0006,false_alarm
SPY,2025-05-02,0.5009,-0.014,false_alarm
SPY,2025-05-05,0.444,-0.0084,false_alarm
SPY,2025-05-06,0.446,0.0042,false_alarm
SPY,2025-05-07,0.4392,0.0057,false_alarm
SPY,2025-05-08,0.2657,-0.0013,false_alarm
SPY,2025-05-12,0.2221,-0.0067,false_alarm
SPY,2025-05-13,0.2214,-0.0132,false_alarm
SPY,2025-05-14,0.2202,-0.0144,false_alarm
SPY,2026-03-31,0.187,0.0075,false_alarm
SPY,2026-04-01,0.1873,0.0009,false_alarm
SPY,2026-04-02,0.1871,0.0047,false_alarm
SPY,2026-04-06,0.1834,0.0004,false_alarm
SPY,2026-04-08,0.203,0.0051,false_alarm
SPY,2026-04-09,0.2039,-0.0007,false_alarm
SPY,2026-04-10,0.1954,0.0098,false_alarm
SPY,2026-04-13,0.1959,0.0122,false_alarm
SPY,2026-04-14,0.1971,0.0079,false_alarm
SPY,2026-04-15,0.1982,0.0025,false_alarm
SPY,2026-04-16,0.1886,0.0034,false_alarm
